[
  {
    "MenuType": "Page",
    "Title": "Google News",
    "Icon": "/Assets/DataImages/menuitem-icon.png",
    "Target": "GoogleNewsListPage",
    "_id": "33fc757f-f556-4a3c-bd52-68650cdd53a1"
  },
  {
    "MenuType": "Page",
    "Title": "HotNews.ro",
    "Icon": "/Assets/DataImages/menuitem-icon.png",
    "Target": "HotNewsRoListPage",
    "_id": "6932cd7d-d4b0-480a-ad8e-f95658fc692b"
  },
  {
    "MenuType": "Page",
    "Title": "Nineoclock",
    "Icon": "/Assets/DataImages/menuitem-icon.png",
    "Target": "NineoclockListPage",
    "_id": "61f54614-5b8e-4b38-8187-5a51c7d85d40"
  },
  {
    "MenuType": "Page",
    "Title": "Romania Insider",
    "Icon": "/Assets/DataImages/menuitem-icon.png",
    "Target": "RomaniaInsiderListPage",
    "_id": "491a44c5-2e4b-4fcd-950d-ddbdfe0d7912"
  },
  {
    "MenuType": "Page",
    "Title": "Topix",
    "Icon": "/Assets/DataImages/menuitem-icon.png",
    "Target": "TopixListPage",
    "_id": "29c9a619-d9d8-49e2-a84c-033d38d147eb"
  },
  {
    "MenuType": "Page",
    "Title": "BBC Weather",
    "Icon": "/Assets/DataImages/menuitem-icon.png",
    "Target": "BBCWeatherListPage",
    "_id": "ee2f0b5a-34ce-443b-b6ec-8348cad3aedc"
  },
  {
    "MenuType": "Page",
    "Title": "Weather",
    "Icon": "/Assets/DataImages/menuitem-icon.png",
    "Target": "WeatherListPage",
    "_id": "a0e5f71a-a0c3-4362-81ac-3d0a9d176e25"
  }
]