[
  {
    "MenuType": "Page",
    "Title": "Bucharest Airports",
    "Icon": "/Assets/DataImages/ModuleLogo-12.png",
    "Target": "BucharestAirportsListPage",
    "_id": "8241a931-44bb-4365-9c51-7d37e8d7f673"
  },
  {
    "MenuType": "Page",
    "Title": "Bucharestly",
    "Icon": "/Assets/DataImages/ModuleLogo-13.png",
    "Target": "BucharestlyListPage",
    "_id": "3b2a2fff-b5ac-4eb3-a519-548090132b6d"
  },
  {
    "MenuType": "Page",
    "Title": "Bucharest Now",
    "Icon": "/Assets/DataImages/ModuleLogo-14.png",
    "Target": "BucharestNowListPage",
    "_id": "aadabffa-30db-4f86-b618-0c455657e51e"
  },
  {
    "MenuType": "Page",
    "Title": "Bucharest Cultural",
    "Icon": "/Assets/DataImages/ModuleLogo-15.png",
    "Target": "BucharestCulturalListPage",
    "_id": "c77007ed-680c-4b12-ae67-f4a0723c0a5f"
  },
  {
    "MenuType": "Page",
    "Title": "Travelers Bucharest",
    "Icon": "/Assets/DataImages/ModuleLogo-17.png",
    "Target": "TravelersBucharestListPage",
    "_id": "070a4a9a-3f27-44ba-8e04-40c04c2783f3"
  },
  {
    "MenuType": "Page",
    "Title": "Bucharest Tips",
    "Icon": "/Assets/DataImages/ModuleLogo-18.png",
    "Target": "BucharestTipsListPage",
    "_id": "e7475682-7b98-46ab-84fa-d0739dfa51bf"
  },
  {
    "MenuType": "Page",
    "Title": "Bucharest Expat",
    "Icon": "/Assets/DataImages/facebook.png",
    "Target": "BucharestExpatListPage",
    "_id": "d1136ea2-607d-4516-92f5-eae55c6ad1e8"
  },
  {
    "MenuType": "Page",
    "Title": "Bucharest Greeters",
    "Icon": "/Assets/DataImages/ModuleLogo-19.png",
    "Target": "BucharestGreetersListPage",
    "_id": "861b67e0-dc35-42fe-8866-ba30ffa4ea82"
  },
  {
    "MenuType": "Page",
    "Title": "Meanwhile in Bucharest",
    "Icon": "/Assets/DataImages/facebook.png",
    "Target": "MeanwhileInBucharestListPage",
    "_id": "e9f85c08-c5e6-44ec-9dc1-18bdf79a2d80"
  },
  {
    "MenuType": "Page",
    "Title": "Living in Bucharest",
    "Icon": "/Assets/DataImages/facebook.png",
    "Target": "LivingInBucharestListPage",
    "_id": "aae16e0a-efe7-4040-b783-e7a0ec9a6ffd"
  },
  {
    "MenuType": "Page",
    "Title": "Bucuresti Optimist",
    "Icon": "/Assets/DataImages/ModuleLogo-20.png",
    "Target": "BucurestiOptimistListPage",
    "_id": "5c19b1a6-d271-4c68-8103-d84fd6c16b48"
  },
  {
    "MenuType": "Page",
    "Title": "Bucuresti Realist",
    "Icon": "/Assets/DataImages/ModuleLogo-21.png",
    "Target": "BucurestiRealistListPage",
    "_id": "7920b7e7-5e5b-4460-b41a-188909f3e5f7"
  },
  {
    "MenuType": "Page",
    "Title": "Metropotam",
    "Icon": "/Assets/DataImages/ModuleLogo-22.png",
    "Target": "MetropotamListPage",
    "_id": "78a1ad6d-c2f3-44d5-adc6-4c64a7ef7002"
  },
  {
    "MenuType": "Page",
    "Title": "OameniAiBucurestiului",
    "Icon": "/Assets/DataImages/ModuleLogo-23.png",
    "Target": "OameniAiBucurestiuluiListPage",
    "_id": "e77a3c02-7519-47e8-817d-e496302bdb58"
  },
  {
    "MenuType": "Page",
    "Title": "Bucuresti Tu",
    "Icon": "/Assets/DataImages/facebook.png",
    "Target": "BucurestiTuListPage",
    "_id": "a952fa9a-5d68-4996-a09e-41cc04be979d"
  },
  {
    "MenuType": "Page",
    "Title": "Bucuresti",
    "Icon": "/Assets/DataImages/facebook.png",
    "Target": "BucurestiListPage",
    "_id": "783d6880-3192-4b93-9bc9-96a5d3352dca"
  },
  {
    "MenuType": "Page",
    "Title": "Bucuresti.ro",
    "Icon": "/Assets/DataImages/ModuleLogo-16.png",
    "Target": "BucurestiRoListPage",
    "_id": "9fb8107b-f3b6-40a4-8efb-1dbdaaafe484"
  },
  {
    "MenuType": "Page",
    "Title": "Bucurestiul Secret",
    "Icon": "/Assets/DataImages/facebook.png",
    "Target": "BucurestiulSecretListPage",
    "_id": "d3927e73-b3b7-425c-8fcf-c1019d222994"
  },
  {
    "MenuType": "Page",
    "Title": "Piete din Bucuresti",
    "Icon": "/Assets/DataImages/facebook.png",
    "Target": "PieteDinBucurestiListPage",
    "_id": "1d535156-aa31-4c82-b167-6955c9e081b5"
  },
  {
    "MenuType": "Page",
    "Title": "B365.ro",
    "Icon": "/Assets/DataImages/facebook.png",
    "Target": "B365RoListPage",
    "_id": "8482412c-7d10-4ebf-8488-71c0448f837c"
  },
  {
    "MenuType": "Page",
    "Title": "Via Bucuresti",
    "Icon": "/Assets/DataImages/facebook.png",
    "Target": "ViaBucurestiListPage",
    "_id": "ebeaaee6-a5ad-43f3-8305-4a5e9361927e"
  }
]