[{"_id":"55f6536d9f187d0e98e05145","Company":"Taxi AS","telephone":"0219435"},{"_id":"55f6536d9f187d0e98e05146","Company":"Taxi Apolodor","telephone":"0219499"},{"_id":"55f6536d9f187d0e98e05147","Company":"Taxi Meridian","telephone":"0219444"},{"_id":"55f6536d9f187d0e98e05148","Company":"Taxi Club","telephone":"0219466"},{"_id":"55f6536d9f187d0e98e05149","Company":"Taxi Leone","telephone":"0219425"},{"_id":"55f6536d9f187d0e98e0514a","Company":"Fly Taxi","telephone":"0219440"},{"_id":"55f6536d9f187d0e98e0514b","Company":"Alfa Taxi","telephone":"0219481"},{"_id":"55f6536d9f187d0e98e0514c","Company":"Taxi total","telephone":"0219424"},{"_id":"55f6536d9f187d0e98e0514d","Company":"Taxi Titan","telephone":"0219661"},{"_id":"55f6536d9f187d0e98e0514e","Company":"Taxi Valentino","telephone":"0219401"},{"_id":"55f6536d9f187d0e98e0514f","Company":"Taxi Touring","telephone":"0219465"},{"_id":"55f6536d9f187d0e98e05150","Company":"Taxi Perrozzi","telephone":"0219631"},{"_id":"55f6536d9f187d0e98e05151","Company":"Taxi Delta","telephone":"0219251"},{"_id":"55f6536d9f187d0e98e05152","Company":"Cristaxi","telephone":"0219461"},{"_id":"55f6536d9f187d0e98e05153","Company":"Taxi Aris","telephone":"0219469"},{"_id":"55f6536d9f187d0e98e05154","Company":"Taxi 2000","telephone":"0219494"},{"_id":"55f6536d9f187d0e98e05155","Company":"Taxi Cobalcescu\t","telephone":"0219451"},{"_id":"55f6536d9f187d0e98e05156","Company":"Taxi Getax","telephone":"0219531"},{"_id":"55f6536d9f187d0e98e05157","Company":"SpeedTaxi","telephone":"0219477"},{"_id":"55f6536d9f187d0e98e05158","Company":"Taxi Mondial","telephone":"0219423"},{"_id":"55f6536d9f187d0e98e05159","Company":"Taxi Confort","telephone":"0219421"},{"_id":"55f6536d9f187d0e98e0515a","Company":"Taxi  Avataj","telephone":"0219751"},{"_id":"55f6536d9f187d0e98e0515b","Company":"Taxi D`Artex","telephone":"0219630"},{"_id":"55f6536d9f187d0e98e0515c","Company":"Taxi Pronto","telephone":"0219413"},{"_id":"55f6536d9f187d0e98e0515d","Company":"Elegance Taxi","telephone":"0219688"},{"_id":"55f6536d9f187d0e98e0515e","Company":"Sprinter Taxi","telephone":"0219472"}]