[
  {
    "MenuType": "Page",
    "Title": "Twitter",
    "Icon": "/Assets/DataImages/menuitem-icon.png",
    "Target": "TwitterListPage",
    "_id": "f09c513e-1a38-48a5-9448-ab048ad85a26"
  },
  {
    "MenuType": "Page",
    "Title": "Search Events",
    "Icon": "/Assets/DataImages/menuitem-icon.png",
    "Target": "SearchEventsListPage",
    "_id": "098d1ac9-3330-4ab7-9ed2-eb8146e7aa96"
  },
  {
    "MenuType": "Page",
    "Title": "Search Hotels",
    "Icon": "/Assets/DataImages/menuitem-icon.png",
    "Target": "SearchHotelsListPage",
    "_id": "524f0220-9365-4f4c-badd-97b3518e3e23"
  },
  {
    "MenuType": "Page",
    "Title": "Search News",
    "Icon": "/Assets/DataImages/menuitem-icon.png",
    "Target": "SearchNewsListPage",
    "_id": "84d410ae-fa33-42a8-a3a7-92010bafcb53"
  }
]