[
  {
    "MenuType": "Page",
    "Title": "Flickr",
    "Icon": "/Assets/DataImages/ModuleLogo-10.png",
    "Target": "FlickrListPage",
    "_id": "e8ae1860-7bce-4bac-8c05-fdf62fe1a504"
  },
  {
    "MenuType": "Page",
    "Title": "Instagram",
    "Icon": "/Assets/DataImages/ModuleLogo-9.png",
    "Target": "InstagramListPage",
    "_id": "a6811295-3b5c-4c90-a17b-3fe679995fc3"
  },
  {
    "MenuType": "Page",
    "Title": "YouTube",
    "Icon": "/Assets/DataImages/ModuleLogo-11.png",
    "Target": "YouTubeListPage",
    "_id": "30d96182-fbc6-43d1-ad2d-886eedfa44e4"
  }
]