﻿{
  "_import": "/Layouts/List/Breakpoints.Medium.json",
  "breakpoints": [
    {
      "maxwidth": "500",
      "properties": {
        "itemsHeight": "240",
        "imageHeight": "120",
        "titleMaxLines": "2",
        "leftMarginTitleBox": "6,6,6,0",
        "leftMarginSubTitleBox": "6,6,6,6"
      }
    },
    {
      "maxwidth": "1128",
      "properties": {
        "itemsHeight": "240",
        "imageHeight": "120",
        "titleMaxLines": "2",
        "leftMarginTitleBox": "10,10,10,0",
        "leftMarginSubTitleBox": "10,10,10,10"
      }
    },
    {
      "maxwidth": "1386",
      "properties": {
        "itemsHeight": "280",
        "imageHeight": "160",
        "titleMaxLines": "2",
        "leftMarginTitleBox": "12,12,12,0",
        "leftMarginSubTitleBox": "12,12,12,12"
      }
    },
    {
      "maxwidth": "1710",
      "properties": {
        "itemsHeight": "350",
        "imageHeight": "210",
        "titleMaxLines": "2",
        "leftMarginTitleBox": "12,12,12,0",
        "leftMarginSubTitleBox": "12,12,12,12"
      }
    },
    {
      "maxwidth": "*",
      "properties": {
        "itemsHeight": "400",
        "imageHeight": "240",
        "titleMaxLines": "2",
        "leftMarginTitleBox": "14,14,14,0",
        "leftMarginSubTitleBox": "14,14,14,14"
      }
    }
  ]
}
