[
  {
    "MenuType": "DeepLink",
    "Title": "Bucharest Map",
    "Icon": "/Assets/DataImages/ModuleLogo.png",
    "Target": "bingmaps:?collection=Bucharest&lvl=18",
    "_id": "8313eee8-c33c-420e-9837-6325b7cd6db0"
  },
  {
    "MenuType": "DeepLink",
    "Title": "Bucharest Public Transport",
    "Icon": "/Assets/DataImages/ModuleLogo-3.png",
    "Target": "http://ratb.ro/eng/index.php",
    "_id": "167903f9-bcff-4251-aa29-0b330291e270"
  },
  {
    "MenuType": "DeepLink",
    "Title": "Bucharest Metro",
    "Icon": "/Assets/DataImages/ModuleLogo-4.png",
    "Target": "http://www.metrorex.ro/first_page_p785-2",
    "_id": "e3a15315-c820-4b24-a4f7-425a31a96d36"
  },
  {
    "MenuType": "DeepLink",
    "Title": "Bucharest Airport",
    "Icon": "/Assets/DataImages/ModuleLogo-8.png",
    "Target": "http://www.bucharestairports.ro/en",
    "_id": "fd92158f-0f0e-436e-aa73-f4e11f919da3"
  },
  {
    "MenuType": "DeepLink",
    "Title": "Official Bucharest Site",
    "Icon": "/Assets/DataImages/ModuleLogo-2.png",
    "Target": "http://www1.pmb.ro/pmb/index_en.htm",
    "_id": "e315e345-1a40-4b84-b79e-f6a455118bea"
  },
  {
    "MenuType": "DeepLink",
    "Title": "TripAdvisor Bucharest",
    "Icon": "/Assets/DataImages/ModuleLogo-5.png",
    "Target": "http://www.tripadvisor.com/Tourism-g294458-Buchare",
    "_id": "da705f82-499b-49c9-b3d5-d330b7ad1ef3"
  },
  {
    "MenuType": "DeepLink",
    "Title": "RomaniaTourism Bucharest",
    "Icon": "/Assets/DataImages/ModuleLogo-6.png",
    "Target": "http://romaniatourism.com/bucharest.html",
    "_id": "d03a4386-332e-4bba-aa6d-27d0afb28ce5"
  },
  {
    "MenuType": "DeepLink",
    "Title": "SeeBucharest",
    "Icon": "/Assets/DataImages/ModuleLogo-7.png",
    "Target": "http://en.seebucharest.ro/",
    "_id": "dc8814c8-441e-4e66-a0fb-f1cc36a833a0"
  },
  {
    "MenuType": "DeepLink",
    "Title": "LiveTraffic.ro - Webcams",
    "Icon": "/Assets/DataImages/ModuleLogo-24.png",
    "Target": "http://www.livetraffic.ro/",
    "_id": "c8b03593-1e57-4f98-9b1d-a51d66343417"
  },
  {
    "MenuType": "DeepLink",
    "Title": "TrafficGuide.ro",
    "Icon": "/Assets/DataImages/ModuleLogo-25.png",
    "Target": "http://www.trafficguide.ro/",
    "_id": "ac4fe5f0-0758-431c-9ba9-1c4ac6c40313"
  }
]